FilePath,DebugSize,ImageVersion,IatRVA,ExportSize,ResourceSize,VirtualSize2,NumberOfSections,CheckSum,DLLCharacteristics,SizeOfInitializedData,SizeOfStackReserve,Label
accesschk.exe,0,0.0,160516,0,373392,54154,4,702009,33024,579584,1048576,clean
AccessEnum.exe,28,0.0,38408,0,11912,10638,4,224466,0,139264,1048576,clean
accscope.exe,28,0.0,130360,0,2040,2040,3,167111,34144,2560,1048576,clean
accwiz.exe,28,5.1,50472,0,129120,39016,3,220818,32768,168960,262144,clean
acs.exe,28,0.0,377480,0,2720,59618,4,0,0,143360,1048576,clean
actmovie.exe,28,5.1,4984,0,984,36,3,8151,32768,1536,262144,clean
AdapterTroubleshooter.exe,28,6.1,9948,0,28480,924,4,68825,33088,30720,262144,clean
AddInProcess.exe,28,0.0,30684,0,1560,1560,3,42427,34144,2560,1048576,clean
AddInProcess32.exe,28,0.0,30696,0,1568,1568,3,55757,34144,2560,1048576,clean
AddInUtil.exe,28,0.0,31232,0,1536,1536,3,63038,34144,2048,1048576,clean
ADExplorer.exe,28,0.0,385168,0,41752,64512,4,529413,32768,148480,1048576,clean
ADInsight.exe,28,0.0,347676,0,594912,64202,4,1104537,0,749568,1048576,clean
adplus.exe,28,0.0,84712,0,1576,1576,3,105326,34144,2560,1048576,clean
adplusmanager.exe,28,0.0,68148,0,1600,1600,3,97916,34144,2560,1048576,clean
adrestore.exe,0,0.0,30780,0,0,3912,3,209146,0,122880,1048576,clean
agestore.exe,28,6.3,20772,0,2440,1984,5,69401,49472,7680,262144,clean
ahui.exe,28,5.1,65232,0,27856,10440,3,136431,32768,38912,262144,clean
aitagent.exe,28,6.1,99820,0,1280,2748,4,120717,33088,20992,262144,clean
aitstatic.exe,28,6.3,1122924,0,2144,2008,5,1179089,49472,29696,262144,clean
al.exe,84,10.0,197144,0,1476,18428,5,233319,33088,31232,1048576,clean
alg.exe,28,6.1,46724,0,8128,1916,4,97435,33088,13824,262144,clean
appcert.exe,28,0.0,42336,0,2264,2264,3,63285,34112,3072,1048576,clean
appcertui.exe,28,0.0,132296,0,59128,59128,3,258122,34112,59904,1048576,clean
appcmd.exe,28,6.1,98184,48512,2088,5204,4,202908,33088,12288,262144,clean
appidpolicyconverter.exe,28,6.1,82552,0,1848,4524,4,140501,33088,16384,262144,clean
AppLaunch.exe,56,10.0,81920,0,3560,6212,5,156943,33088,15872,1048576,clean
appverif.exe,28,6.3,123828,0,27624,7176,5,211943,49472,47616,262144,clean
ARP.EXE,28,6.1,15804,0,2080,3288,4,65992,33088,7168,262144,clean
asr_fmt.exe,28,5.1,25236,0,4200,568,3,85847,32768,5632,262144,clean
asr_ldm.exe,28,5.1,12428,0,20192,44,3,60153,32768,20992,262144,clean
asr_pfu.exe,28,5.1,30724,0,1056,6740,3,37772,32768,8704,262144,clean
at.exe,28,6.1,18228,0,2072,7228,4,54812,33088,11776,262144,clean
AtBroker.exe,28,6.1,25052,0,1360,1792,4,84681,33088,5632,262144,clean
atmadm.exe,28,5.1,7832,0,4696,9292,3,33961,32768,14848,262144,clean
attrib.exe,28,6.1,11876,0,2016,896,4,73962,33088,4096,262144,clean
audiodg.exe,56,6.1,88356,0,2088,153,7,119595,33088,9728,262144,clean
audit.exe,28,6.1,57580,0,4072,1176,4,106946,33088,10240,262144,clean
auditpol.exe,28,6.1,42908,0,2032,2472,4,104901,33088,7680,1048576,clean
auditusr.exe,28,5.1,14244,0,992,128,3,60955,32768,1536,262144,clean
autochk.exe,28,6.1,418156,0,229168,12608,4,720990,320,251392,262144,clean
autoconv.exe,28,6.1,429780,0,229224,12800,4,710089,320,251392,262144,clean
AutoFAT.exe,28,0.0,209852,0,984,80114,5,262198,0,612864,524288,clean
autofmt.exe,28,6.1,409308,0,229200,12608,4,702216,320,251392,262144,clean
autolfn.exe,28,5.1,10888,0,1104,108,4,47620,0,2560,262144,clean
Autologon.exe,28,0.0,134844,0,2692,23536,4,152281,32768,31232,1048576,clean
AutoNTFS.exe,28,0.0,165044,0,1000,35269,5,218575,0,303616,1048576,clean
Autoruns.exe,56,0.0,515800,0,107184,118544,5,696042,33088,287744,1048576,clean
autorunsc.exe,56,0.0,436808,0,107184,110068,5,642991,33088,272896,1048576,clean
AxImp.exe,28,0.0,50600,0,1624,1624,3,113911,34144,2560,1048576,clean
AxInstUI.exe,28,6.1,7580,0,50040,896,4,98090,33088,52224,262144,clean
baaupdate.exe,28,6.1,14484,1580,90992,908,4,140359,33088,93184,262144,clean
bcdboot.exe,28,6.1,131228,0,4912,1900,4,181435,33088,14848,262144,clean
bcdedit.exe,28,6.1,147556,0,138328,1844,4,317529,33088,148480,262144,clean
bckgzm.exe,28,6.1,14332,0,76032,1548,4,145689,33088,79872,262144,clean
BdeHdCfg.exe,28,6.1,17228,0,106280,896,4,134865,33088,109056,262144,clean
BdeUISrv.exe,28,6.1,32704,0,5376,1364,4,104649,33088,9728,262144,clean
BdeUnlockWizard.exe,28,6.1,6796,0,90864,888,4,99584,33088,93184,262144,clean
bfsvc.exe,28,6.1,57396,0,2064,1784,4,75847,33088,8192,262144,clean
Bginfo.exe,28,0.0,671836,0,147184,140364,4,892732,32768,301568,1048576,clean
BitLockerToGo.exe,28,6.1,130728,0,90744,14639,6,315908,33088,102400,262144,clean
BitLockerWizard.exe,28,6.1,8436,0,90936,888,4,117824,33088,93184,262144,clean
BitLockerWizardElev.exe,28,6.1,8436,0,91056,888,4,155260,33088,93184,262144,clean
bitsadmin.exe,28,6.1,173284,0,2064,84872,4,217406,33088,95744,262144,clean
blastcln.exe,28,5.1,66040,0,1016,10952,3,87793,32768,12288,262144,clean
bootcfg.exe,28,6.1,74428,0,2104,1212,4,84199,33088,7680,1048576,clean
bootok.exe,28,5.1,4804,0,1032,32,3,44668,32768,2048,262144,clean
bootvrfy.exe,28,5.1,5220,0,1032,108,3,48799,32768,2048,262144,clean
breakin.exe,28,6.3,12452,0,2448,880,5,46623,49472,5632,262144,clean
bridgeunattend.exe,28,6.1,13844,0,1776,1104,4,74926,33088,4608,262144,clean
BrmfRsmg.exe,28,6.0,41532,0,2032,14180,4,81314,33088,20480,204800,clean
browserchoice.exe,28,6.1,15508,0,275144,1676,4,319362,33088,278528,262144,clean
bthudtask.exe,28,6.1,7372,0,28512,896,4,40307,33088,30208,262144,clean
bulkmetadatapackagingwizard.exe,28,0.0,63360,0,302672,302672,3,375599,34144,303616,1048576,clean
Cacheset.exe,0,0.0,30032,0,2704,3402,4,185413,0,126976,1048576,clean
cacls.exe,28,6.1,21844,0,2016,1112,4,45592,33088,5120,262144,clean
calc.exe,56,6.1,334588,0,403352,16576,4,834864,33088,435712,262144,clean
CasPol.exe,28,0.0,96776,0,1584,1584,3,119767,34144,2560,1048576,clean
cdb.exe,28,6.3,90652,0,3352,26748,6,97595,49472,39936,262144,clean
celog2etw.exe,28,6.3,267144,0,1840,4808,6,332783,49472,23552,262144,clean
CertEnrollCtrl.exe,28,6.1,46864,0,1344,5516,4,125047,33088,22016,262144,clean
certreq.exe,28,6.1,227764,0,3304,8728,4,304504,33088,33792,262144,clean
certutil.exe,28,6.1,804196,0,3312,36904,4,933825,33088,82432,262144,clean
change.exe,28,6.1,12052,0,2096,5524,4,15540,33088,9216,262144,clean
charmap.exe,28,6.1,52804,0,93632,136812,4,209990,33088,236544,262144,clean
Chess.exe,28,6.1,1236032,0,1454544,99104,4,2889898,33088,1643008,262144,clean
chglogon.exe,28,6.1,17956,0,2048,5748,4,51738,33088,9728,262144,clean
chgport.exe,28,6.1,18820,0,2040,6260,4,33160,33088,10240,262144,clean
chgusr.exe,28,6.1,17060,0,2072,6324,4,76316,33088,10752,262144,clean
chkdsk.exe,28,6.1,12028,0,2024,888,4,57223,33088,4096,262144,clean
chkntfs.exe,28,6.1,11772,0,2312,896,4,33859,33088,4608,262144,clean
chkrzm.exe,28,6.1,14316,0,85064,1548,4,102322,33088,89088,262144,clean
choice.exe,28,6.1,26252,0,2040,1200,4,34112,33088,5120,262144,clean
chrmstp.exe,28,0.0,652016,78,308720,88622,6,1041109,33088,449536,1048576,clean
chrome.exe,28,0.0,559228,380,218816,138778,6,869000,33088,400384,1048576,clean
CIDAEMON.EXE,28,6.1,10988,0,1800,1708,4,70144,33088,5632,262144,clean
cipher.exe,28,6.1,31716,0,2032,9824,4,72063,33088,14336,262144,clean
CISVC.EXE,28,6.1,17924,0,2024,956,4,45156,33088,4096,262144,clean
ckcnv.exe,28,5.1,8176,0,992,32,3,50758,32768,1536,262144,clean
cleanmgr.exe,28,6.1,28004,0,180640,948,4,268970,33088,184320,262144,clean
CleanUp.exe,0,0.0,25632,0,896,2262,4,0,0,24576,1048576,clean
clickonce_bootstrap.exe,0,0.0,10456,0,1008,1008,3,12828,34112,1536,1048576,clean
cliconfg.exe,28,6.1,7372,0,20560,952,4,53300,33088,32768,262144,clean
clip.exe,28,6.1,22396,0,2072,1192,4,64496,33088,5632,262144,clean
clipbrd.exe,28,5.1,70100,0,27768,4792,3,134908,32768,33280,262144,clean
clipsrv.exe,28,5.1,29096,0,2496,3004,3,58597,32768,5632,262144,clean
Clockres.exe,28,0.0,142052,0,1276,21706,4,192819,32768,28672,1048576,clean
clrgc.exe,28,8.0,73764,0,18352,15804,3,108090,32768,34304,1048576,clean
clrver.exe,56,10.0,82220,0,1568,11236,5,132049,33088,17408,1048576,clean
cmak.exe,28,6.1,161068,0,325640,26716,4,562786,33088,365056,262144,clean
cmbins.exe,28,6.1,44300,0,240612,8796,4,347658,33088,245760,262144,clean
cmd.exe,56,6.1,141264,0,33872,117040,4,359229,33088,158720,1048576,clean
cmdkey.exe,28,6.1,11212,0,2088,3576,4,66361,33088,7168,262144,clean
cmdl32.exe,28,6.1,64116,0,3032,6196,4,118462,33088,13312,262144,clean
cmmon32.exe,28,6.1,35156,0,3008,2752,4,74682,33088,9216,262144,clean
cmstp.exe,28,6.1,74804,0,3496,3112,4,97493,33088,11776,262144,clean
cofire.exe,28,6.1,16580,0,2624,944,4,26812,33088,5120,262144,clean
colorcpl.exe,28,6.1,6524,0,79424,888,4,129285,33088,81920,262144,clean
comp.exe,28,6.1,15060,0,2016,904,4,65951,33088,4608,262144,clean
compact.exe,28,6.1,15460,0,2024,15936,4,69266,33088,19968,262144,clean
CompMgmtLauncher.exe,28,6.1,47612,0,92168,11264,4,159762,33088,108032,262144,clean
ComputerDefaults.exe,28,6.1,7476,0,28496,928,4,75825,33088,30720,262144,clean
comreg.exe,28,0.0,87188,0,0,15340,4,127875,33088,35328,1048576,clean
comrepl.exe,28,6.1,10324,0,2040,904,4,69865,33088,4096,262144,clean
comrereg.exe,28,5.1,5964,0,1032,316,3,48716,32768,2048,262144,clean
ComSvcConfig.exe,28,0.0,165472,0,1656,1656,3,211372,34144,2560,1048576,clean
ConfigureIEOptionalComponents.exe,28,6.3,82596,0,2272,11136,5,142902,33088,24576,262144,clean
conhost.exe,56,6.1,196800,0,34472,21282,5,303014,33088,48640,262144,clean
conime.exe,28,5.1,24252,0,2736,472,3,64133,32768,3584,262144,clean
consent.exe,56,6.1,38020,0,50672,1136,5,145966,33216,55296,262144,clean
Contig.exe,28,0.0,188996,0,1228,28082,4,209119,32768,44032,1048576,clean
control.exe,28,6.1,12428,0,100448,888,4,126863,33088,102912,262144,clean
convert.exe,28,6.1,13012,0,1776,896,4,75907,33088,4096,262144,clean
ConvertInkStore.exe,28,6.1,129180,0,1056,3024,4,167434,33088,12800,262144,clean
convertstore.exe,28,6.3,20736,0,2480,880,5,50805,49472,6656,262144,clean
Coreinfo.exe,56,0.0,140100,0,478768,44572,5,892335,33088,799744,1048576,clean
CorFlags.exe,56,10.0,151964,0,6992,13124,5,240531,33088,33280,1048576,clean
credwiz.exe,28,6.1,19604,0,5728,3652,4,31496,33088,11776,262144,clean
csc.exe,84,10.0,1787100,0,1568,19836,5,1909552,33088,89600,2097152,clean
cscript.exe,56,6.1,86696,56,32216,1240,4,165177,33088,38912,1048576,clean
csrss.exe,28,6.1,5284,0,2040,828,4,61610,1344,3584,262144,clean
csrstub.exe,28,6.1,39276,0,2096,6752,4,48935,33088,13312,262144,clean
ctfmon.exe,28,6.1,6604,0,2792,900,4,40334,33088,4608,262144,clean
ctrl2cap.exe,0,0.0,25876,0,0,2984,3,169803,0,122880,1048576,clean
cttune.exe,28,6.1,60876,0,241920,1112,4,361059,33088,247808,262144,clean
cttunesvr.exe,28,6.1,27488,0,6216,1312,4,40343,33088,10240,262144,clean
cvtres.exe,28,10.0,24576,0,3760,1356,5,77334,33088,10240,1048576,clean
DataSvcUtil.exe,28,0.0,61872,0,1624,1624,3,93838,34144,2560,1048576,clean
dbengprx.exe,28,6.3,78404,0,2504,6964,5,126252,49472,16896,262144,clean
dbgrpc.exe,28,6.3,33004,0,2448,984,5,73349,49472,7168,262144,clean
dbgsrv.exe,28,6.3,24804,0,2480,4752,5,47340,49472,10240,262144,clean
Dbgview.exe,28,0.0,242556,0,209484,36494,4,504430,32768,253440,1048576,clean
dbh.exe,28,6.3,147956,0,2440,30108,5,194440,49472,41472,262144,clean
dccw.exe,28,6.1,75236,0,781632,2500,4,886637,33088,791040,262144,clean
dcomcnfg.exe,28,6.1,7108,0,2400,888,4,16323,33088,4096,262144,clean
ddeshare.exe,28,5.1,17904,0,11432,8492,3,69882,32768,20480,262144,clean
ddodiag.exe,28,6.1,30364,0,1896,5072,4,87417,33088,9216,262144,clean
Defrag.exe,28,6.1,43580,0,126584,1128,4,228116,33088,133120,262144,clean
delegate_execute.exe,28,0.0,663900,89,2616,283628,6,737951,33088,343040,1048576,clean
Desktops.exe,28,0.0,91916,0,9156,22182,5,154549,33088,43008,1048576,clean
DeviceDisplayObjectProvider.exe,28,6.1,78012,0,1880,2032,4,106329,33088,8704,262144,clean
DeviceEject.exe,28,6.1,11124,0,12576,1068,4,30263,33088,17408,262144,clean
DeviceMetadataWizard.exe,28,0.0,304252,0,88064,88064,3,446116,34144,88576,1048576,clean
DevicePairingWizard.exe,28,6.1,18164,0,52648,1244,4,134043,33088,55808,262144,clean
DeviceProperties.exe,28,6.1,6724,0,85024,888,4,138659,33088,87552,262144,clean
DFDWiz.exe,28,6.1,55284,0,7152,1084,4,104117,33088,13312,262144,clean
dfrgfat.exe,28,5.1,76476,0,1408,120068,3,104632,32768,121856,1048576,clean
dfrgntfs.exe,28,5.1,99160,0,1392,47372,3,156797,32768,49152,1048576,clean
dfrgui.exe,28,6.1,98180,0,473840,6052,4,594129,33088,487424,262144,clean
dfsvc.exe,28,0.0,11764,0,1800,1800,3,23066,34144,2560,1048576,clean
dialer.exe,28,6.1,24404,0,4504,3928,4,65410,33088,10752,262144,clean
diantz.exe,28,6.1,86628,0,2032,4624,4,110034,33088,11264,262144,clean
dinotify.exe,28,6.1,6468,0,2408,888,4,54834,33088,4096,262144,clean
disco.exe,28,0.0,48340,0,12200,12200,3,72969,34144,12800,1048576,clean
disk2vhd.exe,28,0.0,1370992,0,5697052,1122418,5,7198898,33088,6877696,1048576,clean
diskext.exe,0,0.0,65404,0,1044,18472,4,147803,0,28672,1048576,clean
Diskmon.exe,0,0.0,84884,0,11944,7610,4,280941,0,159744,1048576,clean
diskpart.exe,28,6.1,123452,0,2120,3424,4,192621,33088,11264,262144,clean
diskperf.exe,28,6.1,14660,0,2096,2500,4,29956,33088,6144,262144,clean
diskraid.exe,28,6.1,262420,179,2112,5256,4,323369,33088,17408,262144,clean
DiskView.exe,28,0.0,243072,0,325672,35490,4,639394,32768,1424384,1048576,clean
Dism.exe,28,6.1,152016,0,28632,222204,4,265081,33088,264704,262144,clean
DismHost.exe,28,6.1,69384,0,4016,101020,4,104512,33088,112640,262144,clean
dispdiag.exe,28,6.1,113256,0,1768,13152,4,158640,33088,24576,262144,clean
DisplaySwitch.exe,28,6.1,33272,0,484328,1212,4,537168,33088,489472,262144,clean
ditrace.exe,28,6.0,221964,0,3756,78216,4,297517,33088,34304,262144,clean
djoin.exe,28,6.1,38396,0,15376,35664,4,108249,33088,55296,262144,clean
dllhost.exe,28,6.1,6900,0,992,888,4,61319,32832,2560,262144,clean
dllhst3g.exe,28,6.1,6900,0,1000,888,4,49516,33088,2560,262144,clean
dmadmin.exe,28,5.1,202652,0,3520,15636,3,274999,32768,19456,262144,clean
dmremote.exe,28,5.1,16432,0,928,52,3,76740,32768,1536,262144,clean
dnscacheugc.exe,28,6.1,24676,0,2080,1064,4,77612,33088,6144,262144,clean
doskey.exe,28,6.1,11900,0,2032,888,4,75870,33088,4096,262144,clean
dpapimig.exe,28,6.1,12604,0,56400,896,4,135385,33088,58880,262144,clean
DpiScaling.exe,28,6.1,6812,0,69760,888,4,137818,33088,72192,262144,clean
dplaysvr.exe,28,6.1,25268,0,2064,1256,4,94168,33088,5632,262144,clean
dpnsvr.exe,28,6.1,29228,0,2056,1412,4,43386,33088,5632,262144,clean
dpvsetup.exe,28,5.1,51320,0,27528,4448,3,126757,32768,32256,262144,clean
driverquery.exe,28,6.1,58748,0,2080,1272,4,81380,33088,7168,262144,clean
drmupgds.exe,56,21315.20512,227732,0,1000,14821,4,289738,33088,20992,262144,clean
drvinst.exe,28,6.1,239400,0,2008,1408,4,254050,33088,9728,262144,clean
drwtsn32.exe,28,5.1,29632,0,14616,5036,3,85980,32768,19968,262144,clean
DSndUp.exe,0,0.0,29948,0,928,2618,4,0,0,28672,1048576,clean
du.exe,28,0.0,211740,0,1292,30338,4,288636,32768,37888,1048576,clean
dumpchk.exe,28,6.3,16528,0,2448,884,5,71206,49472,5120,262144,clean
dumpexam.exe,28,6.3,12408,0,2456,880,5,46696,49472,5120,262144,clean
dumprep.exe,28,5.1,10240,0,1040,164,3,76242,32768,2048,262144,clean
DVDMaker.exe,28,6.1,382300,3087,1547984,5096,4,2030815,33088,1580032,524288,clean
dvdplay.exe,28,6.1,7052,0,3328,896,4,57626,33088,5120,262144,clean
dvdupgrd.exe,28,6.1,18572,0,2008,904,4,44215,33088,4096,262144,clean
dw20.exe,28,8.0,24716,0,2164,1052,3,97979,32768,3072,1048576,clean
dwm.exe,56,6.1,73880,0,6080,10352,4,135151,33088,20992,262144,clean
DWWIN.EXE,28,6.1,110468,0,2696,3000,4,178616,33088,17920,262144,clean
dxcap.exe,28,6.3,562496,0,968,4720,6,621848,49472,43008,262144,clean
dxcapsviewer.exe,28,6.3,136480,0,30792,28776,6,194303,49504,70144,524288,clean
dxcpl.exe,28,6.3,467416,0,34488,285032,5,269862,49472,330752,262144,clean
dxdiag.exe,28,6.1,216204,0,29776,13436,4,296357,33088,55808,262144,clean
Dxpserver.exe,28,6.1,151360,0,40736,3836,4,270650,33088,55296,262144,clean
Eap3Host.exe,28,6.1,8060,0,1816,896,4,27555,33088,4096,262144,clean
EdmGen.exe,28,0.0,74628,0,1592,1592,3,128498,34144,2560,1048576,clean
efsdump.exe,0,0.0,25888,0,0,3066,3,164999,0,122880,1048576,clean
efsui.exe,28,6.1,9668,0,1968,920,4,24611,33088,4096,262144,clean
ehexthost.exe,28,0.0,99280,0,37416,37416,3,153397,33856,45056,1048576,clean
ehmsas.exe,56,6.1,24880,0,12200,1388,4,98651,33088,15360,262144,clean
ehprivjob.exe,28,6.1,210708,0,1360,2536,4,275812,33088,15872,262144,clean
ehrec.exe,56,6.1,57312,112,5184,1532,4,78754,33088,9728,262144,clean
ehrecvr.exe,56,6.1,530968,558,4704,3956,4,585585,33088,23552,262144,clean
ehsched.exe,56,6.1,82704,0,4208,2812,4,115888,33088,11264,262144,clean
ehshell.exe,56,6.1,12376,0,87656,1020,4,101870,33088,89600,262144,clean
EhStorAuthn.exe,28,6.1,48612,93,76016,1044,4,171389,33088,81920,262144,clean
ehtray.exe,56,6.1,120412,0,2144,14348,4,166552,33088,22528,262144,clean
ehvid.exe,56,6.1,219188,0,2976,4948,4,285917,33088,14848,262144,clean
esentutl.exe,28,6.1,111276,0,1744,112700,4,160515,33088,120832,262144,clean
eudcedit.exe,28,6.1,170404,0,95800,15636,4,289818,33088,126464,262144,clean
eudcsettings.exe,28,6.1,11892,0,1056,888,4,70729,33088,3584,262144,clean
eventcreate.exe,28,6.1,30284,0,2152,1232,4,61203,33088,6144,262144,clean
eventtriggers.exe,28,5.1,60196,0,21272,208,4,103449,32768,22528,262144,clean
eventvwr.exe,28,6.1,10916,0,68488,896,4,94055,33088,70656,262144,clean
evntcmd.exe,28,6.1,17028,0,2280,1296,4,79438,33088,5632,262144,clean
evntwin.exe,28,6.1,77780,0,6632,2932,4,94843,33088,16896,262144,clean
expand.exe,28,6.1,41872,0,6408,7992,4,104824,33088,18944,262144,clean
explorer.exe,56,6.1,704696,0,1846920,12240,4,2648680,32832,1897472,262144,clean
ExtExport.exe,28,6.3,28964,0,2072,1728,5,42859,33088,9216,262144,clean
extrac32.exe,28,6.1,48236,0,2344,6428,4,101619,33088,11776,262144,clean
fc.exe,28,6.1,15404,0,2024,920,4,38236,33088,4096,262144,clean
find.exe,56,6.1,9744,0,2032,880,4,68214,33088,3584,262144,clean
FindLinks.exe,28,0.0,80364,0,1244,13156,4,164303,32768,29696,1048576,clean
findstr.exe,56,6.1,22412,0,2056,36504,4,85971,33088,40960,262144,clean
finger.exe,28,6.1,7732,0,2080,1412,4,71475,33088,5120,262144,clean
fixmapi.exe,28,6.1,11036,0,2040,51,5,24652,33088,4096,262144,clean
FlashPlayerApp.exe,28,0.0,615412,0,93808,455064,5,828177,33088,612864,1048576,clean
FlickLearningWizard.exe,28,6.1,109940,0,778272,2700,4,919547,33088,792064,262144,clean
fltMC.exe,28,6.1,15652,0,2056,1444,4,46079,33088,5120,262144,clean
fontview.exe,28,6.1,18500,0,82312,3896,4,111933,33088,88576,262144,clean
forcedos.exe,28,5.1,6300,0,2296,3352,3,41812,32768,6144,262144,clean
forfiles.exe,28,6.1,37676,0,2128,1296,4,88026,33088,6656,262144,clean
FreeCell.exe,28,6.1,533948,0,113976,54852,4,766544,33088,203264,262144,clean
fsquirt.exe,28,6.1,39700,0,175584,1084,4,272847,33088,179712,262144,clean
fsutil.exe,28,6.1,65652,0,2024,2348,4,85959,33088,8192,262144,clean
ftp.exe,28,6.1,35204,0,1984,20888,4,107858,33088,27136,262144,clean
fusagent.exe,28,6.3,90584,0,2200,11908,5,140434,49472,22016,262144,clean
FUSLOGVW.exe,56,10.0,176716,0,1644,24004,5,245865,33088,30720,1048576,clean
fussvc.exe,28,6.3,135920,0,8088,12548,5,189527,49472,31744,262144,clean
fvenotify.exe,28,6.1,19908,1580,91024,932,4,117511,33088,93696,262144,clean
fveprompt.exe,28,6.1,11676,1580,90984,900,4,128631,33088,93184,262144,clean
fveupdate.exe,28,6.1,11140,0,2168,900,4,36529,33088,4608,262144,clean
FXSCOVER.exe,28,6.1,147668,0,12648,12968,4,199043,33088,41984,262144,clean
FXSSVC.exe,28,6.1,467020,0,3008,14092,4,538810,33088,52224,1048576,clean
FXSUNATD.exe,28,6.1,13964,0,2040,1476,4,42407,33088,8192,262144,clean
gacutil.exe,56,10.0,110948,0,1868,16152,5,192973,33088,26112,1048576,clean
gc.exe,28,6.3,74072,0,992,10500,5,94846,49472,17408,262144,clean
GDFMaker.exe,28,0.0,359880,0,27312,27312,3,430504,34144,28160,1048576,clean
getmac.exe,28,6.1,58044,0,2056,1272,4,99457,33088,7168,262144,clean
GettingStarted.exe,28,6.1,8276,0,2272,900,4,25032,33088,4096,262144,clean
gflags.exe,28,6.3,90540,0,23520,13148,5,167799,49472,44032,1048576,clean
gpresult.exe,28,6.1,117532,0,2056,1280,4,138190,33088,9728,262144,clean
gpscript.exe,28,6.1,20516,0,1792,1192,4,48793,33088,5632,262144,clean
gpup.exe,28,0.0,254852,0,2332,45196,5,336604,33088,69120,1048576,clean
gpupdate.exe,28,6.1,12860,0,2088,3040,4,58319,33088,7680,262144,clean
GPUView.exe,28,6.3,378032,0,45528,13432,5,479456,49472,92160,262144,clean
grpconv.exe,28,6.1,11404,0,3840,920,4,56771,33088,6144,262144,clean
GUP.exe,28,0.0,117976,0,1988,17994,4,165443,0,32768,1048576,clean
handle.exe,56,0.0,208404,0,314112,39444,4,555064,33024,422912,1048576,clean
hdwwiz.exe,28,6.1,10068,0,52720,1068,4,67344,33088,56832,262144,clean
Hearts.exe,28,6.1,557948,0,84952,55572,4,723920,33088,176128,262144,clean
help.exe,28,6.1,7588,0,2024,896,4,52664,33088,3584,262144,clean
HelpPane.exe,56,6.1,364280,0,94192,12006,4,559388,33088,128000,262144,clean
hex2dec.exe,0,0.0,29936,0,0,2770,3,162229,0,122880,1048576,clean
hh.exe,28,6.1,8396,0,7360,892,4,54762,32832,9216,262144,clean
hkcmd.exe,0,0.0,131492,0,2952,20514,4,207260,0,45056,1048576,clean
HOSTNAME.EXE,28,6.1,6860,0,2080,1316,4,34618,33088,4608,262144,clean
hwrcomp.exe,28,6.1,31812,0,2056,1272,4,44208,33088,5632,262144,clean
hwrreg.exe,28,6.1,17164,0,162376,1248,4,238015,33088,165888,262144,clean
ibmpmsvc.exe,28,6.0,29732,0,1704,2352,3,96297,32768,4608,262144,clean
icacls.exe,28,6.1,23116,0,1976,1512,4,40535,33088,5120,262144,clean
icardagt.exe,28,8.0,551576,0,2100,6300,4,624888,33088,48640,1048576,clean
icsunattend.exe,28,6.1,11980,0,1776,960,4,75933,33088,4096,262144,clean
ie4uinit.exe,28,6.3,153028,0,523304,2244,5,730818,49472,542720,262144,clean
iecleanup.exe,28,6.3,74388,0,2104,11144,5,102347,33088,24576,262144,clean
iediagcmd.exe,28,0.0,260032,0,81544,81544,3,388576,34144,86016,1048576,clean
ieetwcollector.exe,28,6.3,107032,0,2216,11972,5,131683,49472,23040,262144,clean
IEExec.exe,28,0.0,14944,0,1504,1504,3,25623,1280,2048,1048576,clean
ieinstal.exe,28,6.3,58196,0,413904,1224,5,536387,49216,424960,262144,clean
ielowutil.exe,28,6.3,16720,0,208032,1116,5,244864,49472,213504,262144,clean
ieudinit.exe,28,6.0,30708,0,2128,1696,4,99455,33088,7680,262144,clean
ieUnatt.exe,28,6.3,111468,4076,2344,14916,5,127988,49472,28672,262144,clean
iexplore.exe,56,6.3,29000,0,775744,1256,6,855019,49216,781824,1048576,clean
iexpress.exe,28,6.3,70288,0,88016,11412,5,163288,33088,109568,262144,clean
igfxcfg.exe,0,0.0,489236,0,3656,57048,4,0,0,143360,1048576,clean
igfxext.exe,0,0.0,135804,0,13208,19782,4,224990,0,45056,1048576,clean
igfxpers.exe,0,0.0,112804,0,3056,17586,4,164221,0,32768,1048576,clean
igfxsrvc.exe,0,0.0,194364,0,33804,45576,4,277956,0,98304,1048576,clean
igfxtray.exe,0,0.0,112932,0,2340,18122,4,150494,0,36864,1048576,clean
igfxzoom.exe,0,0.0,140724,0,5744,34006,4,220316,0,53248,1048576,clean
igxpun.exe,28,0.0,320916,0,575456,51166,4,966539,0,647168,1048576,clean
iisreset.exe,28,6.1,12388,0,2056,904,4,63845,33088,4608,262144,clean
iisrstas.exe,28,6.1,21644,0,7040,1760,4,50403,33088,10752,262144,clean
iissetup.exe,28,6.1,176592,48514,2016,6076,4,252785,33088,16896,262144,clean
ilasm.exe,56,10.0,3514368,0,1588,3291340,5,303496,33088,69632,4194304,clean
ildasm.exe,56,10.0,1336140,0,2736,894276,5,534167,33088,61952,1048576,clean
ImagingDevices.exe,28,6.1,8916,0,76672,896,4,138192,33088,78848,262144,clean
imapi.exe,28,5.1,139924,0,4880,10804,3,182821,32768,16384,262144,clean
IMCCPHR.exe,28,6.1,88324,0,189472,2444,4,339015,33088,197632,262144,clean
IMEPADSV.EXE,28,6.1,109436,0,148216,14892,4,286538,33088,171008,262144,clean
IMJPDADM.EXE,28,6.1,13252,0,1504,1064,4,49720,33088,4096,262144,clean
IMJPDCT.EXE,28,6.1,166256,0,148344,35596,4,354613,33088,196608,262144,clean
IMJPDSVR.EXE,28,6.1,53976,0,1504,11092,4,69887,33088,15872,262144,clean
IMJPMGR.EXE,28,6.1,19576,0,51232,2628,5,138663,33088,57344,262144,clean
imjppdmg.exe,28,6.1,22992,0,1504,2684,4,73293,33088,6656,262144,clean
IMJPUEX.EXE,28,6.1,12824,0,44848,1572,4,83430,33088,48128,262144,clean
imjpuexc.exe,28,6.1,89052,0,10208,8132,4,153064,33088,23552,262144,clean
IMSCPROP.exe,28,6.1,55248,0,29312,1944,4,148797,33088,35840,262144,clean
IMTCPROP.exe,28,6.1,60136,0,273992,24744,4,393262,33088,304640,262144,clean
inetinfo.exe,28,6.1,11460,0,2040,1064,4,28158,33088,4608,262144,clean
InetMgr.exe,28,6.1,9916,0,113776,1684,4,130463,33088,117760,262144,clean
InetMgr6.exe,28,6.1,8460,0,13688,2756,4,54492,33088,17920,262144,clean
InfDefaultInstall.exe,28,6.1,7124,0,2472,888,4,68548,33088,4096,262144,clean
infocard.exe,28,0.0,778452,0,70168,526104,5,903162,320,614400,1048576,clean
InkWatson.exe,56,6.1,152684,0,166296,2456,4,380174,33088,178688,262144,clean
InputPersonalization.exe,56,6.1,220116,0,58096,4330,4,340136,33088,72192,262144,clean
InstallUtil.exe,28,0.0,29460,0,1664,1664,3,57245,34144,2560,1048576,clean
invalidateFntcache.exe,28,6.1,6572,0,1080,888,4,36564,33088,3072,262144,clean
ipconfig.exe,56,6.1,22384,0,2104,1744,4,40796,33088,5632,262144,clean
ipsec6.exe,28,5.1,35564,0,7640,11484,3,61492,32768,19456,262144,clean
ipv6.exe,28,5.1,50772,0,1000,10392,3,117015,32768,11776,262144,clean
ipxroute.exe,28,5.1,13744,0,10280,384,3,25985,32768,11264,262144,clean
irftp.exe,28,6.1,91316,0,63232,30360,4,225555,33088,101888,262144,clean
iscsicli.exe,28,6.1,34316,0,107720,17300,4,175728,33088,127488,262144,clean
iscsicpl.exe,28,6.1,7524,0,112456,896,4,122633,33088,114688,262144,clean
isintsup.exe,28,6.1,12412,0,1032,5332,4,34691,33088,8704,262144,clean
isoburn.exe,28,6.1,27828,0,56088,1448,4,119000,33088,59904,262144,clean
java.exe,28,0.0,92792,0,32552,17104,4,207361,0,69632,327680,clean
javaw.exe,28,0.0,92824,0,32560,17190,4,172512,0,69632,327680,clean
javaws.exe,28,0.0,92904,0,32304,9526,4,219058,0,110592,1048576,clean
Journal.exe,28,6.1,805680,0,895304,23888,4,1832433,33088,975360,262144,clean
jsc.exe,28,0.0,36416,0,1504,1504,3,55817,34144,2048,1048576,clean
junction.exe,28,0.0,140820,0,1296,24786,4,201779,32768,30720,1048576,clean
kd.exe,28,6.3,86540,0,23464,26476,6,139203,49472,58880,262144,clean
kdbgctrl.exe,28,6.3,24808,0,2496,5908,5,52151,49472,11264,262144,clean
kdsrv.exe,28,6.3,148136,0,2472,126204,7,220820,49472,20992,262144,clean
kill.exe,28,6.3,2986288,0,2440,2967012,5,94450,49472,2972672,262144,clean
klist.exe,28,6.1,29016,0,1328,1792,4,51191,33088,5632,262144,clean
ksetup.exe,28,6.1,31500,0,1288,5348,4,101537,33088,9728,262144,clean
ktmutil.exe,28,6.1,11516,0,2080,1064,4,33055,33088,5120,262144,clean
label.exe,28,6.1,10692,0,2016,888,4,48364,33088,4096,262144,clean
lc.exe,28,0.0,37844,0,1568,1568,3,71844,34144,2560,1048576,clean
ldmdump.exe,0,0.0,29960,0,0,2958,3,173083,0,122880,1048576,clean
lights.exe,28,5.1,7812,0,22976,436,3,62981,32768,23552,262144,clean
LinqWebConfig.exe,28,9.0,70700,0,1508,77468,4,90215,33088,11776,1048576,clean
list.exe,28,6.3,57768,0,2424,5056,5,97580,49472,15872,262144,clean
Listdlls.exe,28,0.0,227652,0,279884,30316,4,531596,32768,316416,1048576,clean
livekd.exe,0,0.0,127788,0,320968,41174,4,515411,33024,378368,1048576,clean
lnkstub.exe,28,5.1,14796,0,9544,2516,3,69788,32768,12288,262144,clean
loader.exe,0,0.0,468212,0,356648,448080,5,874482,33088,812032,1048576,clean
loadmxf.exe,28,0.0,14492,0,86672,86672,3,117944,34112,94208,1048576,clean
LoadOrd.exe,0,0.0,30096,0,1976,3780,4,188005,0,155648,1048576,clean
LocationNotifications.exe,28,6.1,13748,0,73760,992,4,142791,33088,76800,262144,clean
Locator.exe,28,6.1,6876,0,2008,944,4,33641,33088,3584,262144,clean
lodctr.exe,28,6.1,37880,0,2032,2804,4,43244,33088,7680,262144,clean
logagent.exe,28,6.1,82096,0,2936,2376,4,122344,33088,13312,262144,clean
logger.exe,28,6.3,20776,0,3368,3120,5,78430,49472,10240,262144,clean
logman.exe,28,6.1,66636,0,2056,8232,4,125853,33088,16896,262144,clean
logoff.exe,28,6.1,17860,0,2048,6612,4,41603,33088,10240,262144,clean
logonsessions.exe,0,0.0,119096,0,65256,35806,5,245089,33088,120320,1048576,clean
LogonUI.exe,56,6.1,8208,0,2328,880,4,45133,33088,4096,262144,clean
logviewer.exe,28,6.3,262928,0,38112,152300,5,200971,49472,202240,262144,clean
lpksetup.exe,28,6.1,335892,0,113904,19836,4,525117,33088,156160,262144,clean
lpq.exe,28,6.1,7100,0,2056,896,4,35942,33088,4096,262144,clean
lpr.exe,28,6.1,7916,0,2056,5560,4,60417,33088,8704,262144,clean
lpremove.exe,28,6.1,51852,0,2112,1384,4,120235,33088,10752,262144,clean
lsass.exe,56,6.1,17528,107,1792,972,4,24979,33088,4096,262144,clean
lsm.exe,56,6.1,232000,0,6376,12508,4,282187,33088,30720,262144,clean
mage.exe,28,0.0,79872,0,31112,31112,3,163922,34144,31744,1048576,clean
mageui.exe,28,0.0,702932,0,12120,12120,3,754975,34144,12800,1048576,clean
Magnify.exe,28,6.1,86884,0,525744,2664,4,674852,33088,536064,262144,clean
Mahjong.exe,28,6.1,513812,0,97112,53076,4,709880,33088,185344,262144,clean
makecab.exe,28,5.1,54284,0,1008,3812,3,84169,32768,5120,262144,clean
manage-bde.exe,28,6.1,57308,0,2160,1072,4,113660,33088,6656,262144,clean
mbidgenerator.exe,28,0.0,23796,0,1600,1600,3,67209,34144,2560,1048576,clean
mblctr.exe,28,6.1,123520,0,799560,4204,4,987476,33088,814592,262144,clean
mcbuilder.exe,28,6.1,186940,0,1776,5246,5,271434,33088,29696,262144,clean
mcGlidHost.exe,56,6.1,42608,0,3392,1516,4,109168,33088,7168,262144,clean
McrMgr.exe,56,21315.20512,225864,0,27024,47380,4,363429,33088,83968,262144,clean
mcspad.exe,28,6.1,14420,0,1832,1432,4,78756,33088,4608,262144,clean
mctadmin.exe,28,6.1,77900,0,5024,12576,4,106448,33088,22528,262144,clean
mcupdate.exe,28,6.1,181988,0,2144,12520,4,205137,33088,17408,262144,clean
Mcx2Prov.exe,28,6.1,153424,0,3536,1572,4,181734,33088,13312,262144,clean
McxTask.exe,28,6.1,29140,0,1648,1304,4,59169,33088,5632,262144,clean
mdmerge.exe,28,6.3,106820,0,8488,1604,5,170076,49472,17920,262144,clean
MdRes.exe,28,6.1,15356,0,71496,948,4,127058,33088,74240,262144,clean
MdSched.exe,28,6.1,55204,0,73520,948,4,179873,33088,77824,262144,clean
MediaCenterWebLauncher.exe,28,0.0,42776,0,11152,11152,3,106373,34112,16384,1048576,clean
mfpmp.exe,56,6.1,20000,0,2128,904,4,52646,33088,4608,262144,clean
mgmtclassgen.exe,28,0.0,37136,0,1600,1600,3,73222,34144,2560,1048576,clean
MigAutoPlay.exe,28,6.1,11580,0,70768,1712,4,134211,33088,75264,262144,clean
mighost.exe,28,6.1,35180,0,218064,2116,4,281990,33088,224256,262144,clean
migpwd.exe,28,5.1,20988,0,29632,6884,3,57613,32768,36864,262144,clean
MigRegDB.exe,28,6.1,9132,0,1992,1952,4,36023,33088,5120,262144,clean
MigSetup.exe,28,6.1,47316,0,96128,1744,4,170624,33088,103424,262144,clean
migwiz.exe,28,6.1,270924,4067,94808,22852,4,429308,33088,144896,262144,clean
MineSweeper.exe,28,6.1,505260,0,156744,52404,4,740909,33088,244224,262144,clean
mip.exe,28,6.1,751860,90,392136,46156,4,1239545,33088,466432,262144,clean
mmc.exe,56,6.1,989408,78,280008,35168,4,1451015,32832,402432,262144,clean
mmcperf.exe,28,5.2,30748,0,3088,1388,3,63187,32768,5120,262144,clean
mnmsrvc.exe,28,5.1,17256,0,5736,428,3,70679,32768,12288,262144,clean
mobsync.exe,28,6.1,29812,0,70256,976,4,157572,33088,73216,262144,clean
mofcomp.exe,28,6.1,15892,0,2264,4212,4,81240,33088,8704,1048576,clean
mount.exe,28,6.1,35412,0,2136,5720,4,49421,33088,11264,262144,clean
mountvol.exe,28,6.1,10868,0,2032,904,4,51858,33088,4096,262144,clean
movefile.exe,28,0.0,121396,0,1272,21548,4,168755,32768,27648,1048576,clean
MpCmdRun.exe,28,6.1,138580,0,1576,2980,4,202548,33088,17920,262144,clean
mplay32.exe,28,5.1,85376,0,28544,32636,3,178748,32768,61440,262144,clean
mpnotify.exe,28,6.1,11452,0,1856,916,4,39886,33088,4096,262144,clean
MpSigStub.exe,56,10.0,221912,0,2184,4012,5,287603,49472,20992,262144,clean
mqbkup.exe,28,6.1,38900,0,1048,1008,4,84513,33088,5120,262144,clean
mqsvc.exe,28,6.1,7904,0,1008,1000,4,58213,33088,3072,262144,clean
mqtgsvc.exe,28,6.1,114252,0,1040,2836,4,146297,33088,12800,262144,clean
MRINFO.EXE,28,6.1,9060,0,2072,1076,4,37714,33088,5120,262144,clean
MRT.exe,28,6.3,259188,0,134638504,4,6,136945310,49600,134673408,262144,clean
MSASCui.exe,28,6.1,497232,0,105256,256,5,695391,33088,158208,262144,clean
MSBuild.exe,28,0.0,242556,0,15428,15428,3,269035,34144,16384,1048576,clean
MSBuildTaskHost.exe,28,0.0,161340,0,1656,1656,3,235105,34112,2560,1048576,clean
msconfig.exe,28,6.1,143628,0,75632,3112,4,297494,33088,88576,262144,clean
mscorsvw.exe,84,10.0,86628,0,1600,2584,5,124275,33088,14848,1048576,clean
msdt.exe,28,6.1,301140,0,647256,5784,4,1042746,33088,673280,262144,clean
msdtc.exe,28,6.1,33196,0,96368,8956,4,169115,33088,109056,262144,clean
msfeedssync.exe,28,6.3,16556,0,2056,1052,5,49653,33088,7168,262144,clean
msg.exe,28,6.1,20548,0,2008,7520,4,38824,33088,11264,262144,clean
mshearts.exe,28,5.1,49828,0,75720,1872,3,167457,32768,77824,262144,clean
mshta.exe,28,6.3,12484,0,4800,1052,5,39320,32832,9728,1048576,clean
MsiCert.exe,28,6.3,70020,0,1824,10500,5,134797,49472,18432,262144,clean
MsiDb.exe,28,6.3,82440,0,69712,10852,5,190326,49472,88064,262144,clean
msiexec.exe,56,6.1,52564,0,7704,9356,4,107567,33088,20992,262144,clean
MsiFiler.exe,28,6.3,70064,0,1808,10532,5,124235,49472,18432,262144,clean
MsiInfo.exe,28,6.3,164244,0,1808,77888,5,122070,49472,87040,262144,clean
Msimerg.exe,28,6.3,61792,0,1760,10500,5,77870,49472,17920,262144,clean
MsiMsp.exe,28,6.3,65884,0,3064,10532,5,122031,49472,18944,262144,clean
msinfo32.exe,28,6.1,138812,0,150136,20688,4,332407,33088,181248,262144,clean
MsiTran.exe,28,6.3,65920,0,1776,10532,5,116395,49472,17920,262144,clean
msoobe.exe,28,6.1,60972,0,2008,1192,4,110553,33088,7168,262144,clean
mspaint.exe,56,6.1,551052,0,5759128,20272,4,6433598,33088,5816832,262144,clean
msra.exe,28,6.1,292772,0,214568,3108,4,596569,33088,239104,262144,clean
MsSpellCheckingFacility.exe,28,6.3,590896,0,11664,10396,5,657488,33088,76800,262144,clean
msswchx.exe,28,5.1,6224,0,1136,120,3,18764,32768,2048,262144,clean
mstinit.exe,28,5.1,10508,0,1616,64,3,18604,32768,2560,262144,clean
mstsc.exe,28,6.1,402072,0,607480,8408,4,1079723,33088,645120,262144,clean
mtstocom.exe,28,6.1,113752,115,2016,32508,4,132506,33088,41984,262144,clean
MuiUnattend.exe,28,6.1,62708,0,1832,1620,4,91621,33088,10240,262144,clean
MultiDigiMon.exe,28,6.1,19520,0,28400,1248,4,59431,33088,33792,262144,clean
MxdwGc.exe,28,6.1,89964,0,1016,11936,4,111495,33088,19968,262144,clean
MyDefrag-v4.3.1.exe,0,6.0,122880,0,362144,2868,9,0,32768,370688,1048576,clean
NAPSTAT.EXE,56,6.1,119396,0,142528,6144,4,307818,33088,156160,262144,clean
Narrator.exe,28,0.0,982976,0,88172,88172,3,1107137,34112,94208,1048576,clean
nbtstat.exe,28,6.1,12436,0,2104,44608,4,29640,33088,48640,262144,clean
ndadmin.exe,28,6.1,11268,0,61744,1068,4,92893,33088,66560,262144,clean
nddeapir.exe,28,5.1,4984,0,1008,36,3,13642,32768,1536,262144,clean
net.exe,28,6.1,33372,0,1696,50370,4,98170,33088,55808,524288,clean
net1.exe,56,6.1,96244,0,1720,55426,4,201864,33088,63488,524288,clean
netbtugc.exe,28,6.1,20076,0,2080,1276,4,59432,33088,6144,262144,clean
netcfg.exe,28,6.1,21876,0,2056,9344,4,68655,33088,13824,262144,clean
netdde.exe,28,5.1,90568,0,16416,9488,3,137722,32768,26624,262144,clean
NETFXRepair.exe,56,10.0,65536,0,48912,11448,5,172649,33088,72192,1048576,clean
NETFXSBS10.exe,28,8.0,69004,0,1588,11464,4,100599,33088,12800,1048576,clean
netiougc.exe,28,6.1,20484,0,2080,1104,4,79777,33088,6656,262144,clean
Netplwiz.exe,28,6.1,7460,0,18064,928,4,86014,33088,20480,262144,clean
NetProj.exe,28,6.1,7556,0,82104,928,4,151901,33088,84480,262144,clean
netsetup.exe,28,5.1,35504,0,292624,7140,3,358681,32768,293888,262144,clean
netsh.exe,56,6.1,38700,645,2016,56664,4,101292,33088,61440,1048576,clean
NETSTAT.EXE,28,6.1,20580,0,2096,3796,4,41431,33088,8192,262144,clean
newdev.exe,28,6.1,11988,0,61936,1068,4,141988,33088,66560,262144,clean
nfsadmin.exe,28,6.1,39972,0,1888,24672,4,64472,33088,31744,262144,clean
nfsclnt.exe,28,6.1,45340,0,2048,7184,4,72370,33088,13824,262144,clean
ngen.exe,84,10.0,119380,0,1612,2508,5,168836,33088,14848,1048576,clean
nltest.exe,28,6.1,247244,0,2096,95420,4,338665,33088,116736,262144,clean
notepad++.exe,56,1.0,1378412,0,541656,318312,5,0,33088,990208,1048576,clean
notepad.exe,56,6.1,41032,0,127328,8548,4,235329,33088,140288,262144,clean
nslookup.exe,28,6.1,62212,0,3336,44392,4,110763,33088,54784,262144,clean
ntbackup.exe,28,5.1,887760,0,286224,76920,3,1220621,32768,364032,262144,clean
ntfsinfo.exe,0,0.0,8428,0,0,1398,3,157488,0,110592,1048576,clean
ntkd.exe,28,6.3,86540,0,2432,26476,6,151176,49472,37888,262144,clean
ntkrnlpa.exe,56,6.1,3942728,70331,214288,2233,22,4034867,0,787456,262144,clean
ntoskrnl.exe,56,6.1,3885896,70331,214288,2233,22,3978056,0,778240,262144,clean
ntprint.exe,28,6.1,7924,0,53832,928,4,94676,33088,56320,262144,clean
ntsd.exe,28,6.3,90652,0,3360,26748,6,125634,49472,39936,262144,clean
ntvdm.exe,28,6.1,451476,3584,8584,280716,4,577712,33088,324096,262144,clean
nwscript.exe,28,5.1,107648,0,13224,17340,3,143498,32768,30720,262144,clean
ocsetup.exe,28,6.1,174868,0,4312,1296,4,262534,33088,24064,262144,clean
odbcad32.exe,28,6.1,8508,0,62384,892,4,107802,33088,73728,262144,clean
odbcconf.exe,28,6.1,18156,0,2072,960,4,41200,33088,12288,262144,clean
oobeldr.exe,28,6.1,46380,0,4288,1172,4,59522,33088,10240,262144,clean
openfiles.exe,28,6.1,55508,0,2088,4232,4,86995,33088,10240,262144,clean
openssl.exe,28,0.0,313764,78,692,81358,5,389948,33088,111104,1048576,clean
OptionalFeatures.exe,28,6.1,7476,0,88928,928,4,125109,33088,91648,262144,clean
osk.exe,28,6.1,146356,0,478904,5888,4,653184,33088,498688,262144,clean
osuninst.exe,28,5.1,6288,0,34888,40,3,44774,32768,35840,262144,clean
p2phost.exe,28,6.1,80520,0,57280,3460,4,168131,33088,68608,262144,clean
packager.exe,28,5.1,46048,0,11320,4716,3,76703,32768,16896,262144,clean
pagedfrg.exe,28,0.0,42528,0,41800,4446,4,269152,0,315392,1048576,clean
PartitionWizard.exe,28,0.0,7004160,0,357804,1835922,7,7527994,33088,5088768,1048576,clean
PATHPING.EXE,28,6.1,10956,0,2104,40612,4,31533,33088,44544,262144,clean
pcalua.exe,28,6.1,6836,0,2032,896,4,43860,33088,3584,262144,clean
pcaui.exe,28,6.1,12868,0,2128,976,4,51951,33088,4608,262144,clean
pcawrk.exe,28,6.1,7668,0,2056,904,4,58522,33088,4096,262144,clean
pcwrun.exe,28,6.1,9148,0,2624,896,4,63828,33088,5120,262144,clean
pdbcopy.exe,28,10.0,614652,0,1516,76034,5,810510,33088,194560,1048576,clean
pdbstr.exe,28,6.3,545276,0,2448,8512,5,597101,49472,40448,262144,clean
PDIALOG.exe,28,6.1,17076,0,28120,2452,4,95942,33088,34304,262144,clean
PDMSetup.exe,28,6.3,66120,0,1832,11084,5,71277,33088,23040,262144,clean
pendmoves.exe,28,0.0,121684,0,1292,21966,4,179259,32768,27648,1048576,clean
pentnt.exe,28,5.1,6664,0,9808,68,3,52099,32768,10752,262144,clean
perfmon.exe,28,6.1,51892,0,97792,1880,4,216491,33088,104960,262144,clean
PEVerify.exe,56,10.0,319976,0,2068,145572,5,249078,33088,31232,1048576,clean
PING.EXE,28,6.1,12468,0,2072,5792,4,31673,33088,9728,262144,clean
ping6.exe,28,5.1,28064,0,4320,12536,3,87465,32768,17408,262144,clean
pintool.exe,28,6.0,69844,0,9520,12220,3,117884,32768,22016,262144,clean
pipanel.exe,28,6.1,6468,0,1016,888,4,29444,33088,2560,262144,clean
pipelist.exe,0,0.0,29940,0,0,2798,3,156487,0,122880,1048576,clean
PkgMgr.exe,28,6.1,184036,0,5208,2304,4,258188,33088,27648,262144,clean
plasrv.exe,28,6.1,6812,0,1776,888,4,29087,33088,3584,262144,clean
plmdebug.exe,28,6.3,20668,0,1024,880,5,40290,49472,4608,262144,clean
PnPUnattend.exe,28,6.1,51668,0,2056,2192,4,110951,33088,10752,262144,clean
PnPutil.exe,28,6.1,27140,0,2120,1780,4,65320,33088,8192,262144,clean
poqexec.exe,28,6.1,115672,0,2064,4520,4,144933,1344,12800,262144,clean
portmon.exe,28,0.0,215580,0,202912,17048,4,485761,32768,244224,1048576,clean
posix.exe,28,6.1,50284,0,18832,271988,4,99978,33088,297984,262144,clean
PostMig.exe,28,6.1,339676,0,229464,17964,4,659460,33088,287232,262144,clean
powercfg.exe,28,6.1,51288,0,2072,3200,4,99365,33088,9728,262144,clean
powershell.exe,28,6.1,37668,0,409992,2272,4,487740,33088,417280,262144,clean
powershell_ise.exe,28,0.0,38940,0,161460,161460,3,244783,34112,167936,1048576,clean
PresentationFontCache.exe,28,0.0,29724,0,1136,1136,3,82589,1344,8192,1048576,clean
PresentationHost.exe,28,9.0,114708,0,159276,12540,4,312725,33088,172544,1048576,clean
PresentationSettings.exe,28,6.1,56580,0,109016,1600,4,222042,33088,114176,262144,clean
prevhost.exe,28,6.1,27516,0,2280,1684,4,57617,33088,6144,262144,clean
print.exe,28,6.1,9652,0,1992,896,4,53697,33088,4096,262144,clean
PrintBrm.exe,28,6.1,15908,210,2088,5168,4,47636,33088,10752,262144,clean
PrintBrmEngine.exe,28,6.1,179380,216,29144,7484,4,225492,33088,44032,262144,clean
PrintBrmUi.exe,28,6.1,36524,212,24640,1152,4,99440,33088,30208,262144,clean
printfilterpipelinesvc.exe,28,6.1,402284,0,3920,5820,4,482020,33088,46080,262144,clean
PrintIsolationHost.exe,28,6.1,13976,0,1056,1276,4,21768,33088,5120,262144,clean
printui.exe,28,6.1,6996,0,53984,888,4,75949,33088,56320,262144,clean
procdump.exe,56,0.0,233132,0,289136,81482,5,582675,33088,400896,1048576,clean
procexp.exe,28,0.0,859780,0,1549160,154500,5,2544422,33088,1788928,1048576,clean
Procmon.exe,56,0.0,722836,0,1268276,158612,5,2080128,33088,1470464,1048576,clean
progman.exe,28,5.1,4900,0,106400,36,3,120457,32768,107008,262144,clean
proquota.exe,28,6.1,19836,0,5760,1240,4,55522,33088,9728,262144,clean
proxycfg.exe,28,5.1,16384,0,3464,32,5,43536,32768,5632,262144,clean
PsExec.exe,28,0.0,190436,0,191216,35496,4,412579,32768,236032,1048576,clean
psfile.exe,0,0.0,80508,0,1092,21764,4,148482,0,36864,1048576,clean
PsGetsid.exe,28,0.0,154228,0,167172,27264,4,356498,32768,199680,1048576,clean
PsInfo.exe,28,0.0,212452,0,165812,40640,4,436451,32768,212480,1048576,clean
pskill.exe,28,0.0,145604,0,312616,26502,4,504226,32768,344064,1048576,clean
pslist.exe,28,0.0,214580,0,1300,34276,4,274725,32768,44032,1048576,clean
PsLoggedon.exe,28,0.0,172068,0,1332,28660,4,241097,32768,34816,1048576,clean
psloglist.exe,28,0.0,164932,0,1352,29842,4,180666,32768,36352,1048576,clean
pspasswd.exe,28,0.0,160260,0,1348,28878,4,217584,32768,35328,1048576,clean
psping.exe,56,0.0,180012,0,1416,48282,5,241098,33088,100352,1048576,clean
psr.exe,28,6.1,186208,0,484416,28876,4,722346,33088,526848,4194304,clean
PsService.exe,28,0.0,158372,0,1376,31410,4,174456,32768,38912,1048576,clean
psshutdown.exe,0,0.0,96884,0,89012,26376,4,251352,0,126976,1048576,clean
pssuspend.exe,0,0.0,80516,0,84768,22166,4,240312,0,118784,1048576,clean
psxrun.exe,28,6.1,19916,0,18848,4228,4,69772,33088,25600,262144,clean
psxss.exe,28,6.1,456532,0,17232,168256,4,671455,33088,217088,262144,clean
PurblePlace.exe,28,6.1,797812,0,197992,60364,4,1138485,33088,301568,262144,clean
PushPrinterConnections.exe,28,6.1,41868,0,4984,1880,4,110818,33088,10752,262144,clean
pvk2pfx.exe,28,6.3,25240,0,3848,1536,6,58897,49504,9728,524288,clean
pwfree9.exe,0,6.0,122880,0,413480,3048,8,31991533,32768,421888,1048576,clean
pxhpinst.exe,0,0.0,38840,0,1620,4576,4,72229,0,28672,1048576,clean
qappsrv.exe,28,6.1,17476,0,2112,6420,4,47385,33088,10752,262144,clean
qprocess.exe,28,6.1,20996,0,2048,6868,4,25974,33088,10752,262144,clean
query.exe,28,6.1,12036,0,2040,5524,4,51169,33088,8704,262144,clean
quser.exe,28,6.1,19124,0,2024,6868,4,82992,33088,10752,262144,clean
qwinsta.exe,28,6.1,22388,0,2040,22292,4,87460,33088,26624,262144,clean
RAMMap.exe,56,0.0,216652,0,314536,54258,5,609552,33088,400384,1048576,clean
Rar.exe,28,0.0,328796,0,28744,21190,5,381797,33088,138752,1048576,clean
RarExtLoader.exe,28,0.0,122880,0,0,14571,4,0,32768,26112,1048576,clean
rasautou.exe,28,6.1,11988,0,2400,1552,4,27644,33088,6656,262144,clean
rasdial.exe,28,6.1,69468,0,2080,4312,4,117045,33088,8704,262144,clean
raserver.exe,28,6.1,78076,0,14016,1764,4,137988,33088,23552,262144,clean
rasphone.exe,28,6.1,41380,0,2416,2356,4,102019,33088,10752,262144,clean
rcimlby.exe,28,5.1,16476,0,19816,1028,3,73505,32768,21504,262144,clean
rcp.exe,28,5.1,12228,0,9736,1428,3,72483,32768,11776,262144,clean
rdpclip.exe,28,6.1,156020,0,2040,10608,4,207555,33088,25600,262144,clean
rdpinit.exe,28,6.1,140868,0,2072,13852,4,194965,33088,28160,262144,clean
rdpshell.exe,28,6.1,233412,0,2296,13724,4,290231,33088,32768,262144,clean
rdpsign.exe,28,6.1,49140,0,1360,4460,4,116519,33088,12288,262144,clean
rdrleakdiag.exe,28,6.1,27868,0,4680,3416,4,37087,33088,11264,262144,clean
rdsaddin.exe,28,5.1,12548,0,1056,208,3,46495,32768,2048,262144,clean
rdshost.exe,28,5.1,53308,0,12448,656,3,86129,32768,13824,262144,clean
RDVGHelper.exe,28,6.1,71524,0,1528,2152,4,134321,33088,10752,262144,clean
ReAgentc.exe,28,6.1,15748,0,2088,4212,4,40831,33088,10240,262144,clean
recdisc.exe,28,6.1,128564,0,67376,3604,4,261688,33088,80896,262144,clean
recover.exe,28,6.1,8476,0,2024,888,4,75373,33088,4096,262144,clean
reg.exe,56,6.1,56544,0,2016,263900,4,118051,33088,268800,262144,clean
RegAsm.exe,28,0.0,53496,0,1592,1592,3,105327,34144,2560,1048576,clean
RegDelNull.exe,0,0.0,34176,0,1096,3474,4,202109,0,126976,1048576,clean
regedit.exe,56,6.1,107876,0,13448,266992,4,425336,33088,288256,262144,clean
regedt32.exe,28,6.1,6876,0,2680,888,4,26144,33088,4608,262144,clean
regini.exe,28,6.1,37404,0,1744,4905,4,58349,33088,10240,262144,clean
RegisterIEPKEYs.exe,28,6.3,66136,0,2040,11088,5,103733,33088,23040,262144,clean
RegisterMCEApp.exe,28,0.0,13276,0,86712,86712,3,123027,34112,94208,1048576,clean
regjump.exe,0,0.0,88852,0,1336,29934,4,106146,33024,44544,1048576,clean
RegSvcs.exe,28,0.0,33860,0,1592,1592,3,90909,34144,2560,1048576,clean
regsvr32.exe,28,6.1,11564,0,2384,1880,4,70203,32832,5632,262144,clean
regtlibv12.exe,56,10.0,61440,0,1792,12164,5,81204,33088,23552,1048576,clean
regwiz.exe,28,5.1,5028,0,1040,548,3,8400,32768,2560,262144,clean
rekeywiz.exe,28,6.1,32068,0,25120,1032,4,93736,33088,29184,262144,clean
relog.exe,28,6.1,31300,0,2056,2000,4,39932,33088,7168,262144,clean
RelPost.exe,28,6.1,75988,0,71608,18440,4,214676,33088,110080,262144,clean
remote.exe,28,6.3,49744,0,3728,8108,5,105680,49472,19456,262144,clean
repair-bde.exe,28,6.1,50732,0,2136,2212,4,111782,33088,8192,262144,clean
replace.exe,28,6.1,12476,0,2024,936,4,61639,33088,4096,262144,clean
reset.exe,28,6.1,12036,0,2080,5524,4,69590,33088,9216,262144,clean
ResGen.exe,28,0.0,81824,0,1592,1592,3,148919,34144,2560,1048576,clean
resmon.exe,28,6.1,6740,0,96920,888,4,108622,33088,99328,262144,clean
rexec.exe,28,5.1,8944,0,5376,524,3,53777,32768,6656,262144,clean
RMActivate.exe,56,21315.20512,269176,0,2240,42372,4,383356,33088,52736,262144,clean
RMActivate_isv.exe,56,21315.20512,274184,0,2240,42340,4,379417,33088,52736,262144,clean
RMActivate_ssp.exe,56,21315.20512,228840,0,2240,42200,4,339430,33088,51712,262144,clean
RMActivate_ssp_isv.exe,56,21315.20512,226712,0,2320,42280,4,326098,33088,51712,262144,clean
RmClient.exe,28,6.1,11940,0,2088,1448,4,76456,33088,5120,262144,clean
rmlogotest.exe,28,6.3,16548,0,1776,880,5,12813,49472,5120,262144,clean
Robocopy.exe,28,6.1,86700,0,1696,401984,4,120062,33088,412672,262144,clean
RootkitRevealer.exe,28,0.0,156336,0,27088,15396,5,365898,0,204800,1048576,clean
ROUTE.EXE,28,6.1,14948,0,2072,1132,4,70833,33088,5120,262144,clean
routemon.exe,28,5.1,22276,0,2224,4504,3,71597,32768,7168,262144,clean
rpcinfo.exe,28,6.1,40444,0,2184,13792,4,49544,33088,19968,262144,clean
RpcPing.exe,28,6.1,30356,0,2016,1444,4,89808,33088,5632,262144,clean
rpctool.exe,28,0.0,85348,0,0,9100,4,146296,33088,27648,1048576,clean
rqc.exe,28,6.1,21292,0,2088,1720,4,59369,33088,6656,262144,clean
rrinstaller.exe,28,6.1,43580,0,2160,1276,4,109885,33088,7168,262144,clean
rsh.exe,28,5.1,9060,0,6224,620,3,52039,32768,7680,262144,clean
rsm.exe,28,5.1,23896,0,25824,32,3,90853,32768,26624,262144,clean
rsmsink.exe,28,5.1,16060,0,9040,1588,3,69968,32768,11264,262144,clean
rsmui.exe,28,5.1,29332,0,18184,6868,3,103423,32768,25600,262144,clean
rsnotify.exe,28,5.1,29712,0,76008,1700,3,166732,32768,78336,262144,clean
rsopprov.exe,28,5.1,58412,0,2616,1232,3,126914,32768,4608,262144,clean
rstrui.exe,28,6.1,144164,0,106728,2204,4,299591,33088,116736,262144,clean
rsvp.exe,28,5.1,127236,0,976,142292,3,154137,32768,143360,262144,clean
rtcshare.exe,28,5.1,24532,0,52208,772,3,134019,32768,53248,262144,clean
rtlist.exe,28,6.3,20636,0,2488,5896,5,60977,49472,10240,262144,clean
ru.exe,0,0.0,94676,0,1344,31542,4,131563,33024,46592,1048576,clean
runas.exe,28,6.1,14084,0,2008,1248,4,36093,33088,4608,262144,clean
rundll32.exe,56,6.1,16556,0,26464,952,4,72946,32832,28672,262144,clean
RunLegacyCPLElevated.exe,28,6.1,8692,0,49136,896,4,91723,33088,51200,262144,clean
runonce.exe,28,6.1,43364,0,3448,1396,4,99606,33088,7680,262144,clean
rwinsta.exe,28,6.1,17444,0,2040,6356,4,44388,33088,10240,262144,clean
sapisvr.exe,28,6.1,42996,0,2104,6432,4,87715,33088,12800,262144,clean
savedump.exe,28,5.1,11124,0,2312,84,3,69799,32768,3072,262144,clean
SBEServer.exe,28,6.1,8503580,1184,26560,374172,4,9644617,33088,1287168,262144,clean
sbunattend.exe,28,6.1,9692,0,2296,1528,4,27018,33088,5120,262144,clean
sc.exe,28,6.1,32548,0,2080,2964,4,85389,33088,7680,262144,clean
scardsvr.exe,28,5.1,76956,0,18656,508,3,156569,32768,19456,262144,clean
schtasks.exe,28,6.1,141312,0,2160,25468,4,240844,33088,36352,262144,clean
scrcons.exe,28,6.1,33644,0,2064,1368,4,101874,33088,8192,262144,clean
sdbinst.exe,28,6.1,17556,0,2376,2472,4,21435,33088,6144,262144,clean
sdchange.exe,28,6.1,32808,0,4864,1492,4,64089,33088,9216,262144,clean
sdclt.exe,28,6.1,466060,0,628336,10928,4,1178081,33088,661504,262144,clean
sdelete.exe,28,0.0,145476,0,1240,25470,4,167778,32768,31232,1048576,clean
sdiagnhost.exe,28,6.1,15660,0,4600,1040,4,48654,33088,7680,262144,clean
sdksetup.exe,28,0.0,308108,0,251676,11900,6,1038055,33088,273408,1048576,clean
SearchFilterHost.exe,56,6.1,76316,0,1784,1480,4,138995,33088,8704,262144,clean
SearchIndexer.exe,56,6.1,295808,0,102152,7464,4,478682,33088,128512,262144,clean
SearchProtocolHost.exe,56,6.1,148636,0,1056,2606,4,194891,33088,13312,262144,clean
SecAnnotate.exe,28,0.0,1254328,0,1632,1632,3,1272907,34144,2560,1048576,clean
SecEdit.exe,28,6.1,16524,0,17480,904,4,38539,33088,19968,262144,clean
secinit.exe,28,6.1,12340,0,1984,896,4,58428,33088,4096,262144,clean
ServiceModelReg.exe,56,10.0,192512,0,1636,13332,5,256215,33088,31232,1048576,clean
services.exe,56,6.1,213288,0,19104,3932,4,267302,33088,38400,262144,clean
sessionlistenserver.exe,28,0.0,17720,0,2200,2200,3,74247,34112,3072,1048576,clean
sessmgr.exe,28,5.1,121540,0,16224,4109,3,146068,32768,20992,262144,clean
sethc.exe,28,6.1,54780,0,205168,1888,4,307505,33088,210944,262144,clean
SetIEInstalledDate.exe,28,6.3,70244,0,2080,11088,5,127010,33088,23552,262144,clean
setspn.exe,28,6.1,26868,0,2088,4060,4,96476,33088,8704,262144,clean
setup.exe,28,5.1,20944,0,2280,2104,3,40963,32768,5120,1572864,clean
setupn.exe,28,5.1,20948,0,2008,5812,3,75614,32768,12288,262144,clean
setx.exe,28,6.1,40908,0,2056,1208,4,102007,33088,6144,262144,clean
sfc.exe,28,6.1,30380,0,2064,2220,4,47881,33088,7168,262144,clean
sgen.exe,28,0.0,46220,0,12232,12232,3,116580,34144,12800,1048576,clean
shadow.exe,28,6.1,17060,0,2072,6356,4,70135,33088,10752,262144,clean
ShapeCollector.exe,28,6.1,190064,0,379784,5556,4,665506,33088,399872,262144,clean
ShareEnum.exe,28,0.0,106952,0,20192,13918,4,305536,0,163840,1048576,clean
ShellRunas.exe,28,0.0,73060,0,6656,23258,4,119154,0,45056,1048576,clean
shmgrate.exe,28,5.1,38616,0,1152,18780,3,77486,32768,20480,262144,clean
showmount.exe,28,6.1,27908,0,2184,6832,4,72254,33088,12288,262144,clean
shrpubw.exe,28,6.1,36164,0,349680,1844,4,422430,33088,355840,262144,clean
shutdown.exe,28,6.1,25348,0,2080,3872,4,96156,33088,8704,262144,clean
shvlzm.exe,28,6.1,14316,0,77352,1548,4,114848,33088,81408,262144,clean
sidebar.exe,56,6.1,603844,89,517168,12360,4,1201172,33088,561152,262144,clean
sigcheck.exe,0,0.0,263900,0,1632,75682,4,303514,33024,115712,1048576,clean
signtool.exe,28,6.3,313136,0,59936,20520,6,386511,49504,99328,524288,clean
sigverif.exe,28,6.1,30468,0,32600,3112,4,75722,33088,38912,262144,clean
skeys.exe,28,5.1,22660,0,1008,5748,3,28148,32768,7168,262144,clean
slui.exe,28,6.1,83012,0,234608,2192,4,381759,33088,243200,262144,clean
smbinst.exe,28,5.1,7664,0,1032,84,3,37043,32768,2048,262144,clean
SMConfigInstaller.exe,28,8.0,155196,0,1616,11932,4,226667,33088,24064,1048576,clean
smi2smir.exe,28,6.1,224780,0,2040,19268,4,316244,33088,36864,262144,clean
smlogsvc.exe,28,5.1,68424,0,18160,9108,3,123464,32768,27648,262144,clean
smss.exe,28,6.1,60344,0,2032,3100,4,130015,320,9728,262144,clean
SMSvcHost.exe,28,0.0,128772,0,1632,1632,3,199542,34144,2560,1048576,clean
sn.exe,56,10.0,205440,0,1796,17220,5,277135,33088,33280,1048576,clean
sndrec32.exe,28,5.1,84564,0,40808,6904,3,182182,32768,48128,262144,clean
SndVol.exe,28,6.1,230284,0,66880,4776,4,323029,33088,81920,262144,clean
sndvol32.exe,28,5.1,54908,0,80848,4532,3,166915,32768,85504,262144,clean
SnippingTool.exe,56,6.1,129908,0,252384,9852,4,443755,33088,269312,262144,clean
snmp.exe,28,6.1,41124,0,3048,3392,4,68926,33088,9216,262144,clean
snmptrap.exe,28,6.1,10180,0,1992,1132,4,46186,33088,4608,262144,clean
sol.exe,28,5.1,25304,0,30848,908,3,80960,32768,32256,262144,clean
Solitaire.exe,28,6.1,567684,0,87800,55244,4,737045,33088,178176,262144,clean
sort.exe,28,6.1,16340,0,1992,10640,4,29807,33088,14848,262144,clean
SoundRecorder.exe,28,6.1,61932,0,56928,1948,4,162656,33088,62976,262144,clean
SpeechUXTutorial.exe,28,6.1,229672,0,4564928,10700,4,4882355,33088,4616704,262144,clean
SpeechUXWiz.exe,28,6.1,229684,0,260728,10700,4,583260,33088,302592,262144,clean
spider.exe,28,5.1,65156,0,470312,9812,3,597107,32768,480768,262144,clean
SpiderSolitaire.exe,28,6.1,551540,0,106688,55284,4,747913,33088,197120,262144,clean
spiisupd.exe,28,5.1,10656,0,1032,3076,3,44083,32768,5120,262144,clean
spinstall.exe,28,6.1,417212,0,2328,4064,4,508779,33088,37376,262144,clean
spnpinst.exe,28,5.1,11224,0,1016,140,3,62261,32768,1536,262144,clean
spoolsv.exe,56,6.1,292044,7400,2056,4552,4,371357,33088,23040,262144,clean
sppsvc.exe,56,21315.20512,2812344,108,9488,263920,4,3197027,33088,364544,262144,clean
sprestrt.exe,28,5.1,9124,0,1608,65536,4,30277,0,68096,262144,clean
spreview.exe,28,6.1,249652,0,2400,3296,4,318132,33088,31744,262144,clean
spupdsvc.exe,28,5.2,16096,0,992,1240,3,34180,32768,2560,262144,clean
SqlMetal.exe,28,0.0,287908,0,2080,2080,3,362547,34144,3072,1048576,clean
srctool.exe,28,6.3,28940,0,2448,8484,5,71324,49472,14336,262144,clean
srdelayed.exe,28,6.1,13136,0,1832,1040,4,19056,1344,4608,262144,clean
StikyNot.exe,56,6.1,179624,0,147864,2188,4,362764,33088,160768,262144,clean
stimon.exe,28,5.1,5020,0,11512,36,3,69803,32768,12288,262144,clean
StoreAdm.exe,28,0.0,32048,0,1584,1584,3,73595,34144,2560,1048576,clean
streams.exe,0,0.0,66124,0,980,19450,4,101960,0,28672,1048576,clean
strings.exe,0,0.0,76228,0,1296,29372,5,144856,33088,48640,1048576,clean
subst.exe,28,6.1,10116,0,1992,888,4,59051,33088,4096,262144,clean
SvcConfigEditor.exe,28,0.0,2422424,0,12200,12200,3,2471059,34144,12800,1048576,clean
svchost.exe,56,6.1,16016,0,2064,1448,4,34768,33088,5120,262144,clean
SvcIni.exe,28,6.1,13916,0,1040,1676,4,16886,33088,5120,262144,clean
SvcTraceViewer.exe,28,0.0,678292,0,4784,4784,3,748819,34144,5632,1048576,clean
SvcUtil.exe,28,0.0,191156,0,1616,1616,3,243529,34144,2560,1048576,clean
sxstrace.exe,28,6.1,23492,0,2024,43216,4,43558,33088,47616,262144,clean
symchk.exe,28,6.3,57860,0,2424,920,5,103170,49472,9728,262144,clean
symstore.exe,28,6.3,78380,0,2448,988,5,159770,49472,11264,262144,clean
sync.exe,0,0.0,25876,0,976,2990,4,185906,0,126976,1048576,clean
syncapp.exe,28,5.1,22644,0,26712,4280,3,105796,32768,31744,262144,clean
SyncHost.exe,28,6.1,32220,0,3240,1352,4,97124,33088,7680,262144,clean
syskey.exe,28,6.1,16124,0,11280,1032,4,41308,33088,14336,262144,clean
Sysmon.exe,56,0.0,526684,0,948992,135220,5,1527386,33088,1134080,1048576,clean
sysocmgr.exe,28,5.1,28208,0,77328,4180,3,114643,32768,82432,262144,clean
sysprep.exe,28,6.1,81900,0,24608,1788,4,179313,33088,33280,262144,clean
systeminfo.exe,28,6.1,67692,0,2064,1264,4,90367,33088,8192,262144,clean
systray.exe,28,6.1,6708,0,2232,888,4,57717,33088,4096,262144,clean
tabcal.exe,28,6.1,36740,0,29240,7804,4,113072,33088,43008,262144,clean
TabTip.exe,28,6.1,101588,0,68912,2232,4,196250,33088,79360,262144,clean
takeown.exe,28,6.1,45484,0,2056,1200,4,51245,33088,6656,262144,clean
TapiUnattend.exe,28,6.1,9676,0,1840,888,4,73077,33088,4096,262144,clean
taskeng.exe,56,6.1,132632,0,2040,44796,4,241136,33088,55296,262144,clean
taskhost.exe,28,6.1,41868,0,1328,1476,4,100866,33088,7168,262144,clean
taskkill.exe,56,6.1,69576,0,2040,1228,4,117077,33088,6656,262144,clean
tasklist.exe,28,6.1,71740,0,2072,1272,4,141398,33088,8192,262144,clean
taskman.exe,28,5.1,10492,0,4696,4572,3,23160,32768,9728,262144,clean
taskmgr.exe,56,6.1,114100,0,91592,11096,4,282061,33088,110592,262144,clean
TB3x.exe,28,6.3,273208,0,8624,6144,6,320223,49504,31232,524288,clean
tcmsetup.exe,28,6.1,11076,0,2376,1976,4,61721,33088,5632,262144,clean
TCPSVCS.EXE,28,6.1,7452,0,1832,980,4,13375,33088,3584,262144,clean
Tcpvcon.exe,28,0.0,154660,0,23032,20432,4,200333,32768,59392,1048576,clean
Tcpview.exe,28,0.0,274612,0,9224,38766,4,318572,32768,55296,1048576,clean
Te.exe,28,6.3,169004,0,38488,23692,6,261148,49472,89600,262144,clean
Te.ManagedHost.exe,28,0.0,20684,0,1680,1680,3,24857,34144,2560,1048576,clean
Te.ProcessHost.exe,28,6.3,12408,0,3368,920,5,51583,49472,6144,262144,clean
telnet.exe,28,6.1,56300,0,2600,118500,4,110205,33088,126976,262144,clean
TFTP.EXE,28,6.1,14756,0,2016,1484,4,60927,33088,4608,262144,clean
timeout.exe,28,6.1,23596,0,2080,1188,4,31033,33088,5632,262144,clean
TlbExp.exe,28,0.0,53648,0,1600,1600,3,84925,34144,2560,1048576,clean
TlbImp.exe,28,0.0,182408,0,1600,1600,3,241554,34144,2560,1048576,clean
tlist.exe,28,6.3,2994636,0,2696,2966488,5,75998,49472,2974208,262144,clean
tlntadmn.exe,28,6.1,47492,0,2736,94564,4,103753,33088,101888,262144,clean
tlntsess.exe,28,6.1,63092,0,18560,2384,4,107085,33088,25088,262144,clean
tlntsvr.exe,28,6.1,46012,0,18504,5736,4,91442,33088,29184,262144,clean
topoedit.exe,28,6.3,103260,0,50192,4320,5,211840,49472,66048,262144,clean
tourstart.exe,28,5.1,9984,0,337576,64,3,348035,32768,338432,262144,clean
TpmInit.exe,28,6.1,61012,0,28560,1092,4,131060,33088,33792,262144,clean
tracelog.exe,28,6.3,94928,0,1752,8352,6,145526,49504,15872,524288,clean
tracepdb.exe,28,6.3,54032,0,1720,9380,6,57520,33120,16896,524288,clean
tracerpt.exe,28,6.1,338388,0,2056,150376,4,420970,33088,168448,262144,clean
TRACERT.EXE,28,6.1,10004,0,2096,5784,4,51032,33088,9728,262144,clean
tracert6.exe,28,5.1,27680,0,3368,12408,3,34885,32768,16384,262144,clean
Tracker.exe,56,10.0,115108,0,1448,12292,5,178692,33088,25600,1048576,clean
TrustedInstaller.exe,56,6.1,185580,0,1352,1512,4,230229,33088,19968,262144,clean
tscon.exe,28,6.1,17924,0,2048,6548,4,41900,33088,10240,262144,clean
tsdiscon.exe,28,6.1,17988,0,2072,6612,4,83360,33088,10752,262144,clean
tskill.exe,28,6.1,18372,0,2112,7444,4,71744,33088,11776,262144,clean
tsshutdn.exe,28,5.1,13092,0,3896,6540,3,74446,32768,10752,262144,clean
TSTheme.exe,28,6.1,31124,0,5104,1380,4,52950,33088,8704,262144,clean
TsUsbRedirectionGroupPolicyControl.exe,28,6.1,6388,0,1960,896,4,53303,33088,3584,262144,clean
TSWbPrxy.exe,28,6.1,35248,0,6664,2128,4,51054,33088,12800,262144,clean
TsWpfWrp.exe,28,0.0,23556,0,1112,1112,3,91600,1024,8192,1048576,clean
twunk_32.exe,28,6.1,26892,0,2520,976,4,33688,33088,5632,262144,clean
typeperf.exe,28,6.1,34396,0,2080,1880,4,94482,33088,7168,262144,clean
tzchange.exe,28,5.1,41612,0,5464,264,3,82056,32768,6144,262144,clean
tzupd.exe,28,6.1,36380,0,1040,1736,4,62595,33088,6656,262144,clean
tzutil.exe,28,6.1,39484,0,4744,1768,4,56937,33088,10240,262144,clean
ucsvc.exe,28,6.1,38788,0,1768,6720,4,47487,33088,12800,262144,clean
UI0Detect.exe,28,6.1,18868,0,13448,1860,4,97312,33088,17920,262144,clean
uicc.exe,28,6.3,164252,0,2048,11524,5,218919,49472,23040,262144,clean
umdh.exe,28,6.3,164312,0,2424,107948,5,172860,49472,116224,262144,clean
umount.exe,28,6.1,31820,0,2152,1124,4,81549,33088,6144,262144,clean
unlodctr.exe,28,6.1,30008,0,2056,1228,4,59658,33088,6144,262144,clean
UnRAR.exe,28,0.0,202180,0,28744,17000,5,291965,33088,107008,1048576,clean
unregmp2.exe,28,6.1,252076,0,3040,10080,4,314828,33088,29696,262144,clean
unsecapp.exe,28,6.1,32012,0,1840,1400,4,70823,33088,7168,1048576,clean
upnpcont.exe,28,6.1,13700,0,8216,1296,4,50109,33088,11776,262144,clean
ups.exe,28,5.1,16636,0,960,1640,3,69772,32768,3072,262144,clean
usbview.exe,56,6.3,545340,0,22864,82717,5,646373,49472,139776,262144,clean
UserAccountControlSettings.exe,28,6.1,8932,0,182416,908,4,220804,33088,185344,262144,clean
userinit.exe,56,6.1,21688,0,1920,1256,4,81321,33088,5120,262144,clean
usrmlnka.exe,28,0.0,61048,0,1080,6190,4,137410,0,24576,1048576,clean
usrprbda.exe,28,0.0,44368,0,1080,4984,4,65253,0,20480,1048576,clean
usrshuta.exe,28,0.0,52656,0,1096,5554,4,120830,0,24576,1048576,clean
Utilman.exe,28,6.1,42720,0,1341024,1888,4,1420517,33088,1349632,262144,clean
uwdf.exe,28,6.0,7476,0,1000,1672,4,26355,33088,4096,262144,clean
VaultCmd.exe,28,6.1,19852,0,2064,968,4,81820,33088,4608,262144,clean
VaultSysUi.exe,28,6.1,33944,0,1304,1192,4,82848,33088,5120,262144,clean
vbc.exe,84,10.0,2049296,86,255124,65185,6,2386472,33088,394752,1048576,clean
vds.exe,28,6.1,414880,8970,2528,3540,4,506679,33088,20992,262144,clean
vdsldr.exe,28,6.1,16940,189,2528,1144,4,45719,33088,5120,262144,clean
verclsid.exe,56,6.1,8048,0,2272,944,4,34104,33088,4096,262144,clean
verifier.exe,28,6.1,87636,0,3632,4452,4,147006,33088,17408,262144,clean
VGAuthCLI.exe,28,0.0,24916,0,1884,11222,5,83548,33088,16384,1048576,clean
VGAuthService.exe,28,0.0,114964,0,1876,49226,5,141848,33088,60928,1048576,clean
vmdemux.exe,28,6.3,65992,0,1048,1096,5,116911,49472,8704,262144,clean
vmicsvc.exe,28,6.1,198436,0,1824,4664,4,269185,33088,16896,262144,clean
vmmap.exe,56,0.0,359400,0,798760,72614,5,1237591,33088,910848,1048576,clean
vmnat.exe,28,0.0,365044,0,2008,77846,5,455602,33088,156160,1048576,clean
vmnetdhcp.exe,28,0.0,285348,0,2428,83668,5,383282,33088,148480,1048576,clean
Volumeid.exe,0,0.0,34056,0,0,2924,3,184599,0,122880,1048576,clean
vsdiagview.exe,28,0.0,58736,0,1592,1592,3,131371,34144,2560,1048576,clean
vsgraphicsremoteengine.exe,28,6.3,3708556,562,114720,309984,7,4051834,49472,675328,262144,clean
vshadow.exe,28,6.3,300248,0,1024,1712,6,336471,49504,15360,524288,clean
vssadmin.exe,28,6.1,103868,0,2160,1180,4,152174,33088,11776,262144,clean
vssagent.exe,28,6.3,645056,0,3824,144440,6,530367,49504,169472,524288,clean
vssdump.exe,28,6.3,20728,0,2448,3588,5,74315,49472,9728,262144,clean
vsstrace.exe,28,6.3,70504,0,1048,16992,6,119057,49504,24576,524288,clean
VSSVC.exe,28,6.1,918124,0,20152,6096,4,1044752,33088,103424,262144,clean
vswriter.exe,28,6.3,480792,0,1008,69688,6,498017,49504,91136,524288,clean
w32tm.exe,28,6.1,58660,0,2096,2364,4,129379,33088,8704,262144,clean
w3wp.exe,28,6.1,15308,0,1272,2704,4,59786,33088,6144,262144,clean
wab.exe,28,6.1,14132,0,499560,924,4,572935,33088,503296,262144,clean
wabmig.exe,28,6.1,17588,0,45720,1028,4,121456,33088,49664,262144,clean
waitfor.exe,28,6.1,29748,0,2104,1192,4,64595,33088,6144,262144,clean
wbadmin.exe,28,6.1,199616,0,2216,5024,4,274747,33088,24576,262144,clean
wbemtest.exe,28,6.1,100448,0,64680,20260,4,193831,33088,91648,1048576,clean
wbengine.exe,28,6.1,1102944,1444,2744,9140,4,1237323,33088,96256,262144,clean
WCA.exe,28,0.0,42500,0,1592,1592,3,76539,34144,2560,1048576,clean
wdfmgr.exe,28,6.0,7476,0,1000,1672,4,26355,33088,4096,262144,clean
wecutil.exe,28,6.1,72724,0,2064,1840,4,126181,33088,8704,262144,clean
WerFault.exe,28,6.1,243360,0,87232,3276,4,412797,33088,112128,262144,clean
WerFaultSecure.exe,28,6.1,20380,0,1328,1024,4,49784,33088,9728,262144,clean
wermgr.exe,28,6.1,42268,0,2448,3012,4,79378,33088,12800,262144,clean
wevtutil.exe,56,6.1,161624,0,2056,1800,4,193197,33088,12288,262144,clean
Wex.Services.exe,28,6.3,78664,0,2880,1316,5,124641,49472,20992,262144,clean
wextract.exe,28,6.3,41616,0,101320,6796,5,192629,33088,118272,262144,clean
WFC.exe,28,0.0,48120,0,1672,1672,3,97476,34144,2560,1048576,clean
WFS.exe,28,6.1,474440,0,271616,12244,4,852576,33088,325120,262144,clean
WFServicesReg.exe,28,8.0,171084,0,1568,11964,4,218786,33088,24064,1048576,clean
WgaTray.exe,56,21315.20512,724380,0,113976,50793,4,999751,33088,197632,262144,clean
where.exe,28,6.1,30908,0,2056,1192,4,96862,33088,6144,262144,clean
whoami.exe,28,6.1,38204,0,2104,1200,4,100715,33088,6144,262144,clean
whois.exe,0,0.0,96500,0,1360,29042,5,163480,33088,47616,1048576,clean
wiaacmgr.exe,28,6.1,46124,0,33480,3420,4,152676,33088,42496,262144,clean
WiLogUtl.exe,28,6.3,91332,0,237024,11840,5,387428,49472,262144,262144,clean
wimserv.exe,28,6.1,294088,0,14112,4512,4,357438,33088,35328,262144,clean
winchat.exe,28,5.1,23900,0,9752,6420,3,39903,32768,16896,262144,clean
windbg.exe,28,6.3,394424,0,94016,88372,5,466337,49472,212480,262144,clean
windeploy.exe,28,6.1,81152,0,3720,1300,4,138758,33088,14336,262144,clean
WinFXDocObj.exe,28,6.0,123372,0,69160,4708,4,216324,33088,84480,262144,clean
winhlp32.exe,28,6.1,6892,0,3312,888,4,72035,33088,5120,262144,clean
wininit.exe,56,6.1,78256,0,6392,2260,4,124863,33088,14848,262144,clean
winlogon.exe,56,6.1,233280,0,20432,11756,4,289482,33088,47616,262144,clean
WinMail.exe,28,6.1,24596,0,367568,1044,5,460751,33088,372736,262144,clean
WinMDExp.exe,28,0.0,2049840,0,1616,1616,3,2100865,34144,2560,1048576,clean
WinMgmt.exe,28,6.1,12996,0,64488,13440,4,79252,33088,79872,1048576,clean
winmine.exe,28,5.1,16732,0,102752,2968,3,177729,32768,105984,262144,clean
winmsd.exe,28,5.1,10352,0,2200,9008,3,62629,32768,11776,262144,clean
Winobj.exe,28,0.0,173636,0,542932,34808,4,731215,32768,584704,1048576,clean
WinRAR.exe,28,0.0,767564,0,204344,51848,5,1039508,33088,585728,1048576,clean
WinRes.exe,28,0.0,152892,0,12136,12136,3,236601,34144,12800,1048576,clean
winrs.exe,28,6.1,33244,0,2000,2152,4,89789,33088,7680,262144,clean
winrshost.exe,28,6.1,16908,0,1744,1024,4,49146,33088,4608,262144,clean
WinSAT.exe,28,6.1,1876472,0,941896,6111,5,3397722,33088,1516544,1048576,clean
winver.exe,28,6.1,7068,0,73128,888,4,136447,33088,75264,262144,clean
wisptis.exe,56,6.1,284044,0,28776,5660,4,343541,33088,46592,262144,clean
wksprt.exe,28,6.1,118800,0,89488,3572,4,271669,33088,104448,262144,clean
wlanext.exe,28,6.1,67448,0,2120,1596,4,93914,33088,10752,262144,clean
wlrmdr.exe,28,6.1,12572,0,25776,952,4,52482,33088,28672,262144,clean
WMIADAP.exe,56,6.1,102592,9211,2184,2824,4,120076,33088,10752,262144,clean
WmiApSrv.exe,56,6.1,122028,9212,2064,4380,4,189948,33088,13824,262144,clean
WMIC.exe,28,6.1,305812,0,72992,2376,4,396462,33088,90112,262144,clean
WmiPrvSE.exe,56,6.1,232192,0,1744,7216,4,316271,33088,23552,262144,clean
wmlaunch.exe,28,6.1,207076,0,2072,6188,4,293774,33088,24576,262144,clean
wmpconfig.exe,28,6.1,6724,0,95576,896,4,157742,33088,97792,262144,clean
WMPDMC.exe,28,6.1,663760,0,255952,11976,4,1043649,33088,318976,262144,clean
wmpenc.exe,28,6.1,20052,0,2488,1200,4,42739,33088,5632,262144,clean
wmplayer.exe,56,6.1,11144,0,153776,936,4,200283,33856,155648,262144,clean
wmpnetwk.exe,28,6.1,961620,0,76480,23292,4,1147062,33088,166912,262144,clean
wmpnscfg.exe,28,6.1,32172,0,28112,1456,4,82816,33088,34304,262144,clean
wmprph.exe,28,6.1,52780,0,4536,1560,4,109721,33088,10240,262144,clean
wmpshare.exe,28,6.1,7456,0,94736,960,4,166908,33088,97280,262144,clean
WMPSideShowGadget.exe,28,6.1,89220,99,46624,6828,4,176407,33088,59904,262144,clean
WMSvc.exe,28,6.1,8452,0,984,2496,4,10008,33088,4608,262144,clean
wordpad.exe,56,6.1,683840,89,3483832,22014,4,4300266,33088,3553280,262144,clean
wpa.exe,28,0.0,27516,0,47840,47840,3,92549,34112,48640,1048576,clean
wpabaln.exe,28,5.1,7464,0,25192,60,3,41210,32768,26112,262144,clean
wpaexporter.exe,28,0.0,47288,0,47752,47752,3,162294,34112,48640,1048576,clean
WPDShextAutoplay.exe,28,6.1,25276,0,2160,1136,4,67519,33088,6144,262144,clean
wpnpinst.exe,28,6.1,36132,0,2088,5812,4,53080,33088,10240,262144,clean
wpr.exe,28,6.3,160584,0,10784,1808,5,242370,49472,27136,262144,clean
WPRUI.exe,28,6.3,20728,0,7992,1148,5,44214,49472,12800,262144,clean
write.exe,28,6.1,6580,0,3488,888,4,15153,33088,5120,262144,clean
WsatConfig.exe,28,0.0,143856,0,1656,1656,3,212074,34144,2560,1048576,clean
wscntfy.exe,28,5.1,12576,0,1760,108,3,33942,32768,2560,262144,clean
wscript.exe,56,6.1,95112,56,38072,1244,4,176852,33088,45056,1048576,clean
wsddebug_client.exe,28,6.3,82680,0,1776,3816,6,106413,49504,12288,524288,clean
wsddebug_host.exe,28,6.3,78496,0,1752,3944,6,114904,49504,11776,524288,clean
wsdl.exe,28,0.0,82220,0,12232,12232,3,145525,34144,12800,1048576,clean
WSManHTTPConfig.exe,28,6.1,169468,0,1816,6820,4,228370,33088,28672,262144,clean
wsmprovhost.exe,28,6.1,9740,0,1752,1008,4,34931,33088,4096,262144,clean
wsqmcons.exe,28,6.1,207744,0,29616,5936,4,310200,33088,49664,262144,clean
wstracedump.exe,28,6.3,70256,0,1872,13224,6,90613,49504,20992,524288,clean
WTVConverter.exe,28,6.1,112964,0,2104,12868,4,151393,33088,22016,262144,clean
wuapp.exe,28,6.1,28772,0,1672,2772,4,84218,33088,7680,262144,clean
wuauclt.exe,28,6.1,39852,0,2128,3576,4,62925,33088,9728,262144,clean
wuauclt1.exe,28,5.1,82096,0,78784,4624,3,195366,32768,83968,262144,clean
WUDFHost.exe,28,6.1,182772,90,2304,3416,4,255966,33088,14848,262144,clean
wupdmgr.exe,28,5.1,6472,0,26960,32,3,52066,32768,27648,262144,clean
wusa.exe,28,6.1,205540,0,87128,1664,4,371235,33088,109056,262144,clean
XamlViewer_v0300.exe,28,0.0,21472,0,1112,1112,3,31630,1344,2048,1048576,clean
xbootmgr.exe,28,6.3,91068,0,1904,2520,6,168168,49472,15872,262144,clean
xbootmgrsleep.exe,28,6.3,20820,0,1936,956,5,84063,49472,6656,262144,clean
xcopy.exe,56,6.1,28560,0,1736,1028,4,44308,33088,5120,262144,clean
xlog.exe,28,6.0,111436,0,3732,24264,4,195398,33088,22016,262144,clean
xmlUpdater.exe,28,0.0,102588,0,176,14234,4,120658,0,28672,1048576,clean
xperf.exe,28,6.3,181144,0,171952,2080,6,440587,49472,192000,1048576,clean
xpsrchvw.exe,28,6.1,2023544,0,1181256,58812,5,3410052,33088,1385984,262144,clean
xp_eos.exe,28,5.1,9196,0,4104,64,3,16784,32768,5120,262144,clean
xsd.exe,28,0.0,78960,0,12168,12168,3,116348,34144,12800,1048576,clean
xsltc.exe,28,0.0,50024,0,1520,1520,3,69896,34144,2048,1048576,clean
xwizard.exe,28,6.1,10252,0,28312,1792,4,59567,33088,33280,262144,clean
zip.exe,0,0.0,127288,0,0,23304,3,208379,0,348160,1048576,clean
ZoomIt.exe,56,0.0,239156,0,329064,44194,5,620899,33088,403968,1048576,clean
